Workbook

Sheet Read me
A1: Llansannan Community Council - email plan
A2: Hosting: Cloud Next (StackCP). Companion to 'Llansannan-email-setup-guide.docx'.
A4: What this is | B4: Every mailbox, alias and forwarder needed so that: (1) each councillor has a real mailbox named firstname.surname@llansannan-cc.gov.wales; (2) cllr.firstname.surname@ is an alias that delivers to it; (3) every address on llansannan-cc.llyw.cymru delivers to the matching .gov.wales mailbox.
A5: How to use | B5: Work left to right through sheets 1-4. Tick 'Created?' as you go. Blue text = cells you can change; everything else is a formula and updates itself.
A6: Name rules used | B6: firstname.surname, lowercase; middle names and initials dropped; hyphens kept. Names come from the website's councillor list - if anyone's name or role changes there, update the blue prefix cells here.
A7: Suggested extras | B7: clerk@, chair@, info@ and dmarc@ are my suggestions, not requested. Delete the rows if not wanted (and the matching rows on the Forwarders sheet).
A8: Not verified | B8: Cloud Next does not publish its MX hostnames, DKIM steps or an alias-domain feature on public pages, so those are marked CONFIRM on the DNS sheet. The guide includes a ready-to-send support ticket.
A10: Totals (formulas)
A11: Real mailboxes to create | B11: =COUNTA(Mailboxes!E5:E15) -> 11
A12: Aliases on the .gov.wales domain (cllr. + roles) | B12: =COUNTA(Aliases!A5:A18) -> 14
A13: Forwarders on the .llyw.cymru domain | B13: =COUNTA('Forwarders (.llyw.cymru)'!A5:A29) -> 25
A14: Mailboxes marked created | B14: =COUNTIF(Mailboxes!G5:G15,"Yes") -> 0
A15: Aliases marked created | B15: =COUNTIF(Aliases!E5:E18,"Yes") -> 0
A16: Forwarders marked created | B16: =COUNTIF('Forwarders (.llyw.cymru)'!E5:E29,"Yes") -> 0

Sheet Settings
A1: Domain settings
A2: Change a domain here and every address in the workbook updates.
A3: Primary domain (real mailboxes live here) | B3: llansannan-cc.gov.wales
A4: Alias domain (forwards to the primary) | B4: llansannan-cc.llyw.cymru
A6: Source: domains confirmed by Tom in chat (primary .gov.wales, alias .llyw.cymru). Website config also uses llansannan-cc.gov.wales.

Sheet Mailboxes
A1: 1. Mailboxes to create on the primary domain
A2: Names and roles taken from the councillors list on the website (councillors.json). Blue cells are editable.
A4: # | B4: Person (as on website) | C4: Role | D4: Ward | E4: Address prefix (before @) | F4: Full mailbox address | G4: Created? (Yes/No) | H4: Notes
A5: 1 | B5: Tammi Owen | C5: Chair | D5: Llansannan | E5: tammi.owen | F5: =E5&"@"&Settings!$B$3 -> tammi.owen@llansannan-cc.gov.wales
A6: 2 | B6: Bethan Jones | C6: Councillor | D6: Llansannan | E6: bethan.jones | F6: =E6&"@"&Settings!$B$3 -> bethan.jones@llansannan-cc.gov.wales | H6: Three Joneses on the council - full first names keep these distinct.
A7: 3 | B7: Bethan L. Evans | C7: Councillor | D7: Llansannan | E7: bethan.evans | F7: =E7&"@"&Settings!$B$3 -> bethan.evans@llansannan-cc.gov.wales | H7: Middle initial dropped.
A8: 4 | B8: Eifion M Jones | C8: Councillor | D8: Llansannan | E8: eifion.jones | F8: =E8&"@"&Settings!$B$3 -> eifion.jones@llansannan-cc.gov.wales | H8: Middle initial dropped.
A9: 5 | B9: Meurig Davies | C9: Councillor | D9: Llansannan | E9: meurig.davies | F9: =E9&"@"&Settings!$B$3 -> meurig.davies@llansannan-cc.gov.wales
A10: 6 | B10: Susan Van-Look | C10: Councillor | D10: Llansannan | E10: susan.van-look | F10: =E10&"@"&Settings!$B$3 -> susan.van-look@llansannan-cc.gov.wales | H10: Hyphen kept (valid in addresses). Change to susan.vanlook here if preferred.
A11: 7 | B11: Trefor Roberts | C11: Councillor | D11: Llansannan | E11: trefor.roberts | F11: =E11&"@"&Settings!$B$3 -> trefor.roberts@llansannan-cc.gov.wales
A12: 8 | B12: David Morris | C12: Councillor | D12: Bylchau | E12: david.morris | F12: =E12&"@"&Settings!$B$3 -> david.morris@llansannan-cc.gov.wales
A13: 9 | B13: Elwyn Jones | C13: Councillor | D13: Bylchau | E13: elwyn.jones | F13: =E13&"@"&Settings!$B$3 -> elwyn.jones@llansannan-cc.gov.wales
A14: 10 | B14: Ffion Clwyd Edwards | C14: Councillor | D14: Bylchau | E14: ffion.edwards | F14: =E14&"@"&Settings!$B$3 -> ffion.edwards@llansannan-cc.gov.wales | H14: Middle name dropped.
A15: 11 | B15: Delyth Williams | C15: Clerk | D15: Staff | E15: delyth.williams | F15: =E15&"@"&Settings!$B$3 -> delyth.williams@llansannan-cc.gov.wales | H15: Clerk also gets clerk@ (see Aliases sheet) so the role address survives a change of clerk.

Sheet Aliases
A1: 2. Aliases on the primary domain (cllr. addresses and role addresses)
A2: In StackCP these are Email Forwarders: each alias forwards to the real mailbox. Role addresses (rows 15-18) are suggestions - delete any you don't want.
A4: Alias prefix | B4: Alias address | C4: Delivers to (real mailbox) | D4: Type | E4: Created? (Yes/No)
A5: ="cllr."&Mailboxes!E5 -> cllr.tammi.owen | B5: =A5&"@"&Settings!$B$3 -> cllr.tammi.owen@llansannan-cc.gov.wales | C5: =Mailboxes!F5 -> tammi.owen@llansannan-cc.gov.wales | D5: Councillor alias
A6: ="cllr."&Mailboxes!E6 -> cllr.bethan.jones | B6: =A6&"@"&Settings!$B$3 -> cllr.bethan.jones@llansannan-cc.gov.wales | C6: =Mailboxes!F6 -> bethan.jones@llansannan-cc.gov.wales | D6: Councillor alias
A7: ="cllr."&Mailboxes!E7 -> cllr.bethan.evans | B7: =A7&"@"&Settings!$B$3 -> cllr.bethan.evans@llansannan-cc.gov.wales | C7: =Mailboxes!F7 -> bethan.evans@llansannan-cc.gov.wales | D7: Councillor alias
A8: ="cllr."&Mailboxes!E8 -> cllr.eifion.jones | B8: =A8&"@"&Settings!$B$3 -> cllr.eifion.jones@llansannan-cc.gov.wales | C8: =Mailboxes!F8 -> eifion.jones@llansannan-cc.gov.wales | D8: Councillor alias
A9: ="cllr."&Mailboxes!E9 -> cllr.meurig.davies | B9: =A9&"@"&Settings!$B$3 -> cllr.meurig.davies@llansannan-cc.gov.wales | C9: =Mailboxes!F9 -> meurig.davies@llansannan-cc.gov.wales | D9: Councillor alias
A10: ="cllr."&Mailboxes!E10 -> cllr.susan.van-look | B10: =A10&"@"&Settings!$B$3 -> cllr.susan.van-look@llansannan-cc.gov.wales | C10: =Mailboxes!F10 -> susan.van-look@llansannan-cc.gov.wales | D10: Councillor alias
A11: ="cllr."&Mailboxes!E11 -> cllr.trefor.roberts | B11: =A11&"@"&Settings!$B$3 -> cllr.trefor.roberts@llansannan-cc.gov.wales | C11: =Mailboxes!F11 -> trefor.roberts@llansannan-cc.gov.wales | D11: Councillor alias
A12: ="cllr."&Mailboxes!E12 -> cllr.david.morris | B12: =A12&"@"&Settings!$B$3 -> cllr.david.morris@llansannan-cc.gov.wales | C12: =Mailboxes!F12 -> david.morris@llansannan-cc.gov.wales | D12: Councillor alias
A13: ="cllr."&Mailboxes!E13 -> cllr.elwyn.jones | B13: =A13&"@"&Settings!$B$3 -> cllr.elwyn.jones@llansannan-cc.gov.wales | C13: =Mailboxes!F13 -> elwyn.jones@llansannan-cc.gov.wales | D13: Councillor alias
A14: ="cllr."&Mailboxes!E14 -> cllr.ffion.edwards | B14: =A14&"@"&Settings!$B$3 -> cllr.ffion.edwards@llansannan-cc.gov.wales | C14: =Mailboxes!F14 -> ffion.edwards@llansannan-cc.gov.wales | D14: Councillor alias
A15: clerk | B15: =A15&"@"&Settings!$B$3 -> clerk@llansannan-cc.gov.wales | C15: =Mailboxes!F15 -> delyth.williams@llansannan-cc.gov.wales | D15: Role address (suggested)
A16: chair | B16: =A16&"@"&Settings!$B$3 -> chair@llansannan-cc.gov.wales | C16: =Mailboxes!F5 -> tammi.owen@llansannan-cc.gov.wales | D16: Role address (suggested)
A17: info | B17: =A17&"@"&Settings!$B$3 -> info@llansannan-cc.gov.wales | C17: =Mailboxes!F15 -> delyth.williams@llansannan-cc.gov.wales | D17: Role address (suggested) - replaces llansannancc@gmail.com on the website
A18: dmarc | B18: =A18&"@"&Settings!$B$3 -> dmarc@llansannan-cc.gov.wales | C18: =Mailboxes!F15 -> delyth.williams@llansannan-cc.gov.wales | D18: DMARC report inbox (suggested) - expect automated report emails

Sheet Forwarders (.llyw.cymru)
A1: 3. Make the .llyw.cymru domain deliver to the .gov.wales mailboxes
A2: One forwarder per address. Each points straight at the real mailbox (not at another forwarder). Ask Cloud Next first whether a single domain alias can replace all of these - see the guide.
A4: Address prefix | B4: Source address (alias domain) | C4: Forwards to (real mailbox) | D4: Kind | E4: Created? (Yes/No)
A5: =Mailboxes!E5 -> tammi.owen | B5: =A5&"@"&Settings!$B$4 -> tammi.owen@llansannan-cc.llyw.cymru | C5: =Mailboxes!F5 -> tammi.owen@llansannan-cc.gov.wales | D5: Mailbox name
A6: =Mailboxes!E6 -> bethan.jones | B6: =A6&"@"&Settings!$B$4 -> bethan.jones@llansannan-cc.llyw.cymru | C6: =Mailboxes!F6 -> bethan.jones@llansannan-cc.gov.wales | D6: Mailbox name
A7: =Mailboxes!E7 -> bethan.evans | B7: =A7&"@"&Settings!$B$4 -> bethan.evans@llansannan-cc.llyw.cymru | C7: =Mailboxes!F7 -> bethan.evans@llansannan-cc.gov.wales | D7: Mailbox name
A8: =Mailboxes!E8 -> eifion.jones | B8: =A8&"@"&Settings!$B$4 -> eifion.jones@llansannan-cc.llyw.cymru | C8: =Mailboxes!F8 -> eifion.jones@llansannan-cc.gov.wales | D8: Mailbox name
A9: =Mailboxes!E9 -> meurig.davies | B9: =A9&"@"&Settings!$B$4 -> meurig.davies@llansannan-cc.llyw.cymru | C9: =Mailboxes!F9 -> meurig.davies@llansannan-cc.gov.wales | D9: Mailbox name
A10: =Mailboxes!E10 -> susan.van-look | B10: =A10&"@"&Settings!$B$4 -> susan.van-look@llansannan-cc.llyw.cymru | C10: =Mailboxes!F10 -> susan.van-look@llansannan-cc.gov.wales | D10: Mailbox name
A11: =Mailboxes!E11 -> trefor.roberts | B11: =A11&"@"&Settings!$B$4 -> trefor.roberts@llansannan-cc.llyw.cymru | C11: =Mailboxes!F11 -> trefor.roberts@llansannan-cc.gov.wales | D11: Mailbox name
A12: =Mailboxes!E12 -> david.morris | B12: =A12&"@"&Settings!$B$4 -> david.morris@llansannan-cc.llyw.cymru | C12: =Mailboxes!F12 -> david.morris@llansannan-cc.gov.wales | D12: Mailbox name
A13: =Mailboxes!E13 -> elwyn.jones | B13: =A13&"@"&Settings!$B$4 -> elwyn.jones@llansannan-cc.llyw.cymru | C13: =Mailboxes!F13 -> elwyn.jones@llansannan-cc.gov.wales | D13: Mailbox name
A14: =Mailboxes!E14 -> ffion.edwards | B14: =A14&"@"&Settings!$B$4 -> ffion.edwards@llansannan-cc.llyw.cymru | C14: =Mailboxes!F14 -> ffion.edwards@llansannan-cc.gov.wales | D14: Mailbox name
A15: =Mailboxes!E15 -> delyth.williams | B15: =A15&"@"&Settings!$B$4 -> delyth.williams@llansannan-cc.llyw.cymru | C15: =Mailboxes!F15 -> delyth.williams@llansannan-cc.gov.wales | D15: Mailbox name
A16: =Aliases!A5 -> cllr.tammi.owen | B16: =A16&"@"&Settings!$B$4 -> cllr.tammi.owen@llansannan-cc.llyw.cymru | C16: =Aliases!C5 -> tammi.owen@llansannan-cc.gov.wales | D16: Councillor alias
A17: =Aliases!A6 -> cllr.bethan.jones | B17: =A17&"@"&Settings!$B$4 -> cllr.bethan.jones@llansannan-cc.llyw.cymru | C17: =Aliases!C6 -> bethan.jones@llansannan-cc.gov.wales | D17: Councillor alias
A18: =Aliases!A7 -> cllr.bethan.evans | B18: =A18&"@"&Settings!$B$4 -> cllr.bethan.evans@llansannan-cc.llyw.cymru | C18: =Aliases!C7 -> bethan.evans@llansannan-cc.gov.wales | D18: Councillor alias
A19: =Aliases!A8 -> cllr.eifion.jones | B19: =A19&"@"&Settings!$B$4 -> cllr.eifion.jones@llansannan-cc.llyw.cymru | C19: =Aliases!C8 -> eifion.jones@llansannan-cc.gov.wales | D19: Councillor alias
A20: =Aliases!A9 -> cllr.meurig.davies | B20: =A20&"@"&Settings!$B$4 -> cllr.meurig.davies@llansannan-cc.llyw.cymru | C20: =Aliases!C9 -> meurig.davies@llansannan-cc.gov.wales | D20: Councillor alias
A21: =Aliases!A10 -> cllr.susan.van-look | B21: =A21&"@"&Settings!$B$4 -> cllr.susan.van-look@llansannan-cc.llyw.cymru | C21: =Aliases!C10 -> susan.van-look@llansannan-cc.gov.wales | D21: Councillor alias
A22: =Aliases!A11 -> cllr.trefor.roberts | B22: =A22&"@"&Settings!$B$4 -> cllr.trefor.roberts@llansannan-cc.llyw.cymru | C22: =Aliases!C11 -> trefor.roberts@llansannan-cc.gov.wales | D22: Councillor alias
A23: =Aliases!A12 -> cllr.david.morris | B23: =A23&"@"&Settings!$B$4 -> cllr.david.morris@llansannan-cc.llyw.cymru | C23: =Aliases!C12 -> david.morris@llansannan-cc.gov.wales | D23: Councillor alias
A24: =Aliases!A13 -> cllr.elwyn.jones | B24: =A24&"@"&Settings!$B$4 -> cllr.elwyn.jones@llansannan-cc.llyw.cymru | C24: =Aliases!C13 -> elwyn.jones@llansannan-cc.gov.wales | D24: Councillor alias
A25: =Aliases!A14 -> cllr.ffion.edwards | B25: =A25&"@"&Settings!$B$4 -> cllr.ffion.edwards@llansannan-cc.llyw.cymru | C25: =Aliases!C14 -> ffion.edwards@llansannan-cc.gov.wales | D25: Councillor alias
A26: =Aliases!A15 -> clerk | B26: =A26&"@"&Settings!$B$4 -> clerk@llansannan-cc.llyw.cymru | C26: =Aliases!C15 -> delyth.williams@llansannan-cc.gov.wales | D26: Role address
A27: =Aliases!A16 -> chair | B27: =A27&"@"&Settings!$B$4 -> chair@llansannan-cc.llyw.cymru | C27: =Aliases!C16 -> tammi.owen@llansannan-cc.gov.wales | D27: Role address
... A29: =Aliases!A18 -> dmarc | B29: =A29&"@"&Settings!$B$4 -> dmarc@llansannan-cc.llyw.cymru | C29: =Aliases!C18 -> delyth.williams@llansannan-cc.gov.wales | D29: Role address

Sheet DNS records
A1: 4. DNS records to publish
A2: Add these wherever each domain's nameservers point (likely Cloudflare, as the website is served from there). Set mail records to 'DNS only'. Yellow = value must be copied from StackCP / confirmed with Cloud Next.
A4: Domain | B4: Type | C4: Name / host | D4: Value | E4: Status | F4: Notes
A5: =Settings!$B$3 -> llansannan-cc.gov.wales | B5: MX | C5: @ | D5: <MX hostname + priority shown in StackCP for this site> | E5: CONFIRM | F5: Not published on Cloud Next's public pages. Copy from StackCP > Manage DNS, or ask support.
A6: =Settings!$B$3 -> llansannan-cc.gov.wales | B6: TXT (SPF) | C6: @ | D6: v=spf1 include:spf.stackmail.com a mx -all | E6: CONFIRM | F6: Cloud Next's support article gives spf.stackmail.com as the default include. Confirm it matches what StackCP shows, and keep only ONE SPF record per domain.
A7: =Settings!$B$3 -> llansannan-cc.gov.wales | B7: TXT (DKIM) | C7: <selector>._domainkey | D7: <key generated in StackCP > Domainkeys (DKIM)> | E7: CONFIRM | F7: Generate in StackCP, then publish the TXT record it gives you.
A8: =Settings!$B$3 -> llansannan-cc.gov.wales | B8: TXT (DMARC) | C8: _dmarc | D8: ="v=DMARC1; p=none; rua=mailto:dmarc@"&Settings!$B$3&"; fo=1" -> v=DMARC1; p=none; rua=mailto:dmarc@llansannan-cc.gov.wales; fo=1 | E8: Ready | F8: Start at p=none, review reports for 2-4 weeks, then move to p=quarantine and finally p=reject.
A9: =Settings!$B$3 -> llansannan-cc.gov.wales | B9: CNAME (optional) | C9: autodiscover | D9: <autodiscover target shown in StackCP> | E9: CONFIRM | F9: Lets Outlook/phones configure themselves. Must be DNS only (grey cloud) in Cloudflare.
A10: =Settings!$B$4 -> llansannan-cc.llyw.cymru | B10: MX | C10: @ | D10: <same MX hostname + priority as above> | E10: CONFIRM | F10: Lets the .llyw.cymru domain receive mail so it can forward to the .gov.wales mailboxes.
A11: =Settings!$B$4 -> llansannan-cc.llyw.cymru | B11: TXT (SPF) | C11: @ | D11: v=spf1 -all | E11: Ready | F11: Only if nobody sends mail FROM this domain (receive-only). If anyone will send as .llyw.cymru, use the same SPF as the primary instead.
A12: =Settings!$B$4 -> llansannan-cc.llyw.cymru | B12: TXT (DMARC) | C12: _dmarc | D12: ="v=DMARC1; p=reject; rua=mailto:dmarc@"&Settings!$B$4 -> v=DMARC1; p=reject; rua=mailto:dmarc@llansannan-cc.llyw.cymru | E12: Ready | F12: Receive-only domain, so reject spoofed mail outright. Reports go to this domain's own dmarc@ forwarder (listed on the Forwarders sheet) - sending reports to a different domain would need an extra authorisation record.
A14: Order matters: create these records BEFORE (or at the same moment as) pointing a domain's nameservers at Cloudflare, otherwise mail to that domain can fail while DNS switches over.
